{"_wandb":{"runtime":49},"_runtime":14.769968414000001,"_timestamp":1.7337020684970577e+09,"val/loss":4.282289505004883,"lr":0,"_step":0,"iter":0,"train/loss":4.287383556365967,"mfu":-100}