{"_wandb":{"runtime":1868},"train/loss":0.6931544542312622,"_runtime":1868.219157091,"iter":4000,"mfu":4.066012713709267,"lr":0.0001,"_timestamp":1.7337069975149703e+09,"val/loss":1.6548161506652832,"_step":16}