{"_wandb":{"runtime":74},"_runtime":52.864157307,"_step":0,"val/loss":4.282263278961182,"mfu":-100,"lr":0,"_timestamp":1.733701448031447e+09,"iter":0,"train/loss":4.287357330322266}