{"_timestamp":1.7337012886015766e+09,"iter":0,"lr":0,"_runtime":45.64533992,"mfu":-100,"_step":0,"_wandb":{"runtime":139},"train/loss":4.287357330322266,"val/loss":4.282263278961182}