{"_step":2,"train/loss":1.5274921655654907,"val/loss":1.7263034582138062,"_runtime":102.299701434,"_timestamp":1.7337020110325584e+09,"iter":500,"lr":0.0009852826883675631,"mfu":4.0282554558741,"_wandb":{"runtime":129}}