{"lr":0.0009979206008271391,"mfu":4.029947316616998,"iter":250,"train/loss":2.166006088256836,"_step":1,"_wandb":{"runtime":57},"val/loss":2.2255256175994873,"_timestamp":1.7337022049123662e+09,"_runtime":45.581555312}