{"train/loss":4.287338733673096,"_timestamp":1.7337017948675532e+09,"_step":0,"_wandb":{"runtime":184},"mfu":-100,"lr":0,"_runtime":89.636158642,"iter":0,"val/loss":4.282293319702148}