{"val/loss":4.282289505004883,"_timestamp":1.73370213315416e+09,"train/loss":4.287383556365967,"_runtime":14.653609993,"lr":0,"mfu":-100,"_step":0,"iter":0,"_wandb":{"runtime":31}}