{"_step":20,"mfu":4.052859644187767,"val/loss":2.6757235527038574,"iter":5000,"_wandb":{"runtime":2795},"train/loss":0.1116895005106926,"_runtime":2795.307085951,"lr":0.0001,"_timestamp":1.7337050297385154e+09}